email,password
loadtest1@test.com,test1234
loadtest2@test.com,test1234
loadtest3@test.com,test1234
loadtest4@test.com,test1234
loadtest5@test.com,test1234
loadtest6@test.com,test1234
loadtest7@test.com,test1234
loadtest8@test.com,test1234
loadtest9@test.com,test1234
loadtest10@test.com,test1234
loadtest11@test.com,test1234
loadtest12@test.com,test1234
loadtest13@test.com,test1234
loadtest14@test.com,test1234
loadtest15@test.com,test1234
loadtest16@test.com,test1234
loadtest17@test.com,test1234
loadtest18@test.com,test1234
loadtest19@test.com,test1234
loadtest20@test.com,test1234
loadtest21@test.com,test1234
loadtest22@test.com,test1234
loadtest23@test.com,test1234
loadtest24@test.com,test1234
loadtest25@test.com,test1234
loadtest26@test.com,test1234
loadtest27@test.com,test1234
loadtest28@test.com,test1234
loadtest29@test.com,test1234
loadtest30@test.com,test1234
loadtest31@test.com,test1234
loadtest32@test.com,test1234
loadtest33@test.com,test1234
loadtest34@test.com,test1234
loadtest35@test.com,test1234
loadtest36@test.com,test1234
loadtest37@test.com,test1234
loadtest38@test.com,test1234
loadtest39@test.com,test1234
loadtest40@test.com,test1234
loadtest41@test.com,test1234
loadtest42@test.com,test1234
loadtest43@test.com,test1234
loadtest44@test.com,test1234
loadtest45@test.com,test1234
loadtest46@test.com,test1234
loadtest47@test.com,test1234
loadtest48@test.com,test1234
loadtest49@test.com,test1234
loadtest50@test.com,test1234
loadtest51@test.com,test1234
loadtest52@test.com,test1234
loadtest53@test.com,test1234
loadtest54@test.com,test1234
loadtest55@test.com,test1234
loadtest56@test.com,test1234
loadtest57@test.com,test1234
loadtest58@test.com,test1234
loadtest59@test.com,test1234
loadtest60@test.com,test1234
loadtest61@test.com,test1234
loadtest62@test.com,test1234
loadtest63@test.com,test1234
loadtest64@test.com,test1234
loadtest65@test.com,test1234
loadtest66@test.com,test1234
loadtest67@test.com,test1234
loadtest68@test.com,test1234
loadtest69@test.com,test1234
loadtest70@test.com,test1234
loadtest71@test.com,test1234
loadtest72@test.com,test1234
loadtest73@test.com,test1234
loadtest74@test.com,test1234
loadtest75@test.com,test1234
loadtest76@test.com,test1234
loadtest77@test.com,test1234
loadtest78@test.com,test1234
loadtest79@test.com,test1234
loadtest80@test.com,test1234
loadtest81@test.com,test1234
loadtest82@test.com,test1234
loadtest83@test.com,test1234
loadtest84@test.com,test1234
loadtest85@test.com,test1234
loadtest86@test.com,test1234
loadtest87@test.com,test1234
loadtest88@test.com,test1234
loadtest89@test.com,test1234
loadtest90@test.com,test1234
loadtest91@test.com,test1234
loadtest92@test.com,test1234
loadtest93@test.com,test1234
loadtest94@test.com,test1234
loadtest95@test.com,test1234
loadtest96@test.com,test1234
loadtest97@test.com,test1234
loadtest98@test.com,test1234
loadtest99@test.com,test1234
loadtest100@test.com,test1234
